group,target,pdb_id,resolution_A,method,organism,title,site_res,site_chain,n_site_atoms,ligand_ids,ligand_names,center_x,center_y,center_z,size_x,size_y,size_z,box_volume_A3,metal_x,metal_y,metal_z,other_het,note
virus,Hemagglutinin H9,1JSI,2.4,X-RAY DIFFRACTION,Influenza A virus (A/swine/Hong Kong/9/98(H9N2)),CRYSTAL STRUCTURE OF H9 HAEMAGGLUTININ BOUND TO LSTC RECEPTOR ANALOG,SIA GAL,F,42,,,29.18,36.92,-49.95,18.0,23.7,19.2,8191.0,,,,NAG,H9N2 asli (A/swine/Hong Kong/9/98); situs pengikatan reseptor ditandai analog LSTc (tipe manusia). NAG sengaja TIDAK dipakai sebagai penanda: N-glikan tersebar di seluruh permukaan HA
virus,Hemagglutinin H9,1JSH,2.4,X-RAY DIFFRACTION,Influenza A virus (A/swine/Hong Kong/9/98(H9N2)),CRYSTAL STRUCTURE OF H9 HAEMAGGLUTININ COMPLEXED WITH LSTA RECEPTOR ANALOG,SIA GAL,F,32,,,28.5,35.31,-47.95,18.1,21.7,18.0,7070.0,,,,NAG,H9N2 asli; analog LSTa (tipe unggas) -- pasangan pembanding 1JSI
virus,Neuraminidase N2,4K1K,1.6,X-RAY DIFFRACTION,Influenza A virus,Induced opening of influenza virus neuraminidase N2 150-loop suggests an important role in inhibitor binding,G39,A,20,G39,"(3R,4R,5S)-4-(acetylamino)-5-amino-3-(pentan-3-yloxy)cyclohex-1-ene-1-carboxylic acid",45.93,20.8,-23.74,18.0,18.0,18.0,5832.0,,,,CA,"N2 tipe liar 1,6 A dengan oseltamivir karboksilat -- kontrol positif melekat pada strukturnya"
virus,PA endonuclease,8T5W,1.65,X-RAY DIFFRACTION,Influenza A virus (A/California/04/2009(H1N1)),Influenza PAN endonuclease I38T mutant with Baloxavir,E4Z,A,52,E4Z,Baloxavir acid,20.7,16.87,-16.98,20.3,18.0,20.7,7564.0,17.51,15.1,-12.68,MN,PA-Nter dengan baloxavir acid; domain ini lestari antar subtipe
virus,Nucleoprotein,3RO5,2.66,X-RAY DIFFRACTION,Influenza A virus,Crystal structure of influenza A virus nucleoprotein with ligand,LGH,B,32,LGH,"[4-(2-chloro-4-nitrophenyl)piperazin-1-yl][3-(2-methoxyphenyl)-5-methyl-1,2-oxazol-4-yl]methanone",24.71,-35.71,18.56,18.1,18.0,20.7,6744.0,,,,,"NP dengan analog nukleozin LGH (32 atom berat). Menggantikan 4DYN, yang ligan kontrolnya 0MR berukuran 41 atom berat dan gagal kontrol (RMSD terbaik 5,84 A). LGH adalah inti nukleozin dari 0MR tanpa perpanjangan piridina-karboksamidanya. Catatan: situs NP berada di ANTARMUKA dua rantai NP -- kedua rantai wajib dipertahankan. 9OTW (2,24 A, lebih baik) tidak dapat dipakai: kode CCD-nya 5 karakter sehingga identitas ligan hilang saat mmCIF dikonversi ke format PDB"
inang,MMP9,4XCT,1.3,X-RAY DIFFRACTION,Homo sapiens,Crystal structure of a hydroxamate based inhibitor ARP101 (EN73) in complex with the MMP-9 catalytic domain.,N73,A,28,N73 PGO BUD,"(2~{R})-3-methyl-~{N}-oxidanylidene-2-[(4-phenylphenyl)sulfonyl-propan-2-yloxy-amino]butanamide | S-1,2-PROPANEDIOL | (2S,3S)-butane-2,3-diol",17.85,-17.72,19.19,18.0,20.5,18.1,6679.0,21.19,-16.6,19.1,CA DMS EDO GOL ZN,"domain katalitik tipe liar 1,30 A dengan ARP101; Zn katalitik + Ca struktural"
inang,MMP2,8H78,2.4,X-RAY DIFFRACTION,Homo sapiens,Crystal structure of human MMP-2 catalytic domain in complex with inhibitor,L2U,A,64,2HP L2U,"DIHYDROGENPHOSPHATE ION | (2~{R})-2-[[4-[(4-aminocarbonylphenyl)carbonylamino]phenyl]sulfonylamino]-5-[(2~{S},4~{S})-4-azanyl-2-[[(2~{S})-1-[[(2~{S})-1-[(5-azanyl-5-oxidanylidene-pentyl)amino]-5-oxidanyl-1,5-bis(oxidanylidene)pentan-2-yl]-methyl-amino]-4-methyl-1-oxidanylidene-pentan-2-yl]carbamoyl]",29.28,20.07,-8.29,24.0,24.0,24.0,13824.0,29.28,20.07,-8.29,CA ZN,"domain katalitik tipe liar; MMP2 memang miskin struktur beresolusi tinggi. Kotak dipusatkan ke Zn katalitik, BUKAN ke ligan ko-kristal: L2U berbobot 916 Da sehingga kotaknya menjadi 19.900 A^3 -- terlalu lebar untuk polifenol 160-680 Da dan menurunkan ketelitian pencarian"
inang,DPP4,4A5S,1.62,X-RAY DIFFRACTION,HOMO SAPIENS,CRYSTAL STRUCTURE OF HUMAN DPP4 IN COMPLEX WITH A NOVAL HETEROCYCLIC DPP4 INHIBITOR,N7F,A,37,N7F,"6-[(3S)-3-AMINOPIPERIDIN-1-YL]-5-BENZYL-4-OXO-3-(QUINOLIN-4-YLMETHYL)-4,5-DIHYDRO-3H-PYRROLO[3,2-D]PYRIMIDINE-7-CARBONITRILE",14.14,35.87,54.84,22.5,20.0,18.0,8100.0,,,,NAG SO4,"tipe liar 1,62 A dengan penghambat heterosiklik"
inang,MIF,6B1K,1.17,X-RAY DIFFRACTION,Homo sapiens,Macrophage Migration Inhibitory Factor in Complex with a Naphthyridinone Inhibitor (3a),C9G,A,24,C9G,"2-[1-(4-hydroxyphenyl)-1H-1,2,3-triazol-4-yl]-7-methyl-1,7-naphthyridin-8(7H)-one",-18.68,-16.88,17.51,18.0,24.1,18.0,7808.0,,,,GOL SO4,"tipe liar 1,17 A; situs tautomerase berada di ANTARMUKA TRIMER -- ketiga rantai wajib dipertahankan"
