group,target,pdb_id,site_res,site_chain,n_site_atoms,center_x,center_y,center_z,size_x,size_y,size_z,metal_x,metal_y,metal_z,note
virus,Hemagglutinin H9,1JSI,SIA GAL,F,42,29.18,36.92,-49.95,18.0,23.7,19.2,,,,H9N2 asli (A/swine/Hong Kong/9/98); situs pengikatan reseptor ditandai analog LSTc (tipe manusia). NAG sengaja TIDAK dipakai sebagai penanda: N-glikan tersebar di seluruh permukaan HA
virus,Hemagglutinin H9,1JSH,SIA GAL,F,32,28.5,35.31,-47.95,18.1,21.7,18.0,,,,H9N2 asli; analog LSTa (tipe unggas) -- pasangan pembanding 1JSI
virus,Neuraminidase N2,4K1K,G39,A,20,45.93,20.8,-23.74,18.0,18.0,18.0,,,,"N2 tipe liar 1,6 A dengan oseltamivir karboksilat -- kontrol positif melekat pada strukturnya"
virus,PA endonuclease,8T5W,E4Z,A,52,20.7,16.87,-16.98,20.3,18.0,20.7,17.51,15.1,-12.68,PA-Nter dengan baloxavir acid; domain ini lestari antar subtipe
virus,Nucleoprotein,3RO5,LGH,B,32,24.71,-35.71,18.56,18.1,18.0,20.7,,,,"NP dengan analog nukleozin LGH (32 atom berat). Menggantikan 4DYN, yang ligan kontrolnya 0MR berukuran 41 atom berat dan gagal kontrol (RMSD terbaik 5,84 A). LGH adalah inti nukleozin dari 0MR tanpa perpanjangan piridina-karboksamidanya. Catatan: situs NP berada di ANTARMUKA dua rantai NP -- kedua rantai wajib dipertahankan. 9OTW (2,24 A, lebih baik) tidak dapat dipakai: kode CCD-nya 5 karakter sehingga identitas ligan hilang saat mmCIF dikonversi ke format PDB"
inang,MMP9,4XCT,N73,A,28,17.85,-17.72,19.19,18.0,20.5,18.1,21.19,-16.6,19.1,"domain katalitik tipe liar 1,30 A dengan ARP101; Zn katalitik + Ca struktural"
inang,MMP2,8H78,L2U,A,64,29.28,20.07,-8.29,24.0,24.0,24.0,29.28,20.07,-8.29,"domain katalitik tipe liar; MMP2 memang miskin struktur beresolusi tinggi. Kotak dipusatkan ke Zn katalitik, BUKAN ke ligan ko-kristal: L2U berbobot 916 Da sehingga kotaknya menjadi 19.900 A^3 -- terlalu lebar untuk polifenol 160-680 Da dan menurunkan ketelitian pencarian"
inang,DPP4,4A5S,N7F,A,37,14.14,35.87,54.84,22.5,20.0,18.0,,,,"tipe liar 1,62 A dengan penghambat heterosiklik"
inang,MIF,6B1K,C9G,A,24,-18.68,-16.88,17.51,18.0,24.1,18.0,,,,"tipe liar 1,17 A; situs tautomerase berada di ANTARMUKA TRIMER -- ketiga rantai wajib dipertahankan"
