rank,Smiles,class_mean_prob_0.5_EState,class_mean_prob_0.5_Klekota-Roth,class_mean_prob_0.5_PubChem,prob_mean_EState,prob_mean_Klekota-Roth,prob_mean_PubChem,prob_mean_across_fingerprints,n_fingerprints_active,consensus_label,Metabolite,Metabolite_all,PubChem_ID,PubChem_ID_all,Organism,Organism_all,IUPAC_Name,Smiles_isomeric,Molecular_formula,Mw,n_source_rows,n_distinct_cid,identity_ambiguous
1,COC1OC(OC(=O)c2cc(O)c(O)c(O)c2)C(O)C(O)C1O,1,1,1,0.99690163,0.9961078,0.99134696,0.9947855,3,Active (3/3),Glucogallin,Glucogallin,124375,124375,Phyllanthus niruri,Phyllanthus niruri,"[(3R,4S,5S,6S)-3,4,5-trihydroxy-6-methoxyoxan-2-yl] 3,4,5-trihydroxybenzoate",CO[C@@H]1[C@H]([C@@H]([C@H](C(O1)OC(=O)C2=CC(=C(C(=C2)O)O)O)O)O)O,C13H16O10,332.07434673,1,1,False
2,O=C(C=Cc1ccc(O)c(O)c1)OC1CC(C(=O)O)=CC(O)C1O,1,1,1,0.9946053,0.9960938,0.991389,0.99402934,3,Active (3/3),5-O-Caffeoylshikimic acid,5-O-Caffeoylshikimic acid,5281762,5281762,Zingiber officinale,Zingiber officinale,"(3R,4R,5R)-5-[(E)-3-(3,4-dihydroxyphenyl)prop-2-enoyl]oxy-3,4-dihydroxycyclohexene-1-carboxylic acid",C1[C@H]([C@@H]([C@@H](C=C1C(=O)O)O)O)OC(=O)/C=C/C2=CC(=C(C=C2)O)O,C16H16O8,336.08451749,1,1,False
3,O=C(O)C1=COC(OC2OC(CO)C(O)C(O)C2O)C2C(CO)CCC12,1,1,1,0.9937673,0.99515694,0.99221003,0.9937115,3,Active (3/3),Adoxosidic acid,Adoxosidic acid,13892717,13892717,Forsythia suspensa,Forsythia suspensa,"(1S,4aS,7S,7aS)-7-(hydroxymethyl)-1-[(2S,3R,4S,5S,6R)-3,4,5-trihydroxy-6-(hydroxymethyl)oxan-2-yl]oxy-1,4a,5,6,7,7a-hexahydrocyclopenta[c]pyran-4-carboxylic acid",C1C[C@H]2[C@@H]([C@H]1CO)[C@@H](OC=C2C(=O)O)O[C@H]3[C@@H]([C@H]([C@@H]([C@H](O3)CO)O)O)O,C16H24O10,376.13694699,1,1,False
4,O=C(C=Cc1ccc(O)c(O)c1)OC(Cc1ccc(O)c(O)c1)C(=O)O,1,1,1,0.9946053,0.99401134,0.9914023,0.9933397,3,Active (3/3),Labiatenic acid,Labiatenic acid,5281792,5281792,Melissa officinalis,Melissa officinalis,"(2R)-3-(3,4-dihydroxyphenyl)-2-[(E)-3-(3,4-dihydroxyphenyl)prop-2-enoyl]oxypropanoic acid",C1=CC(=C(C=C1C[C@H](C(=O)O)OC(=O)/C=C/C2=CC(=C(C=C2)O)O)O)O,C18H16O8,360.08451749,1,1,False
5,O=C(C=Cc1ccc(OC(=Cc2ccc(O)c(O)c2)C(=O)O)c(O)c1)OC(Cc1ccc(O)c(O)c1)C(=O)O,1,1,1,0.9946053,0.99389386,0.99057376,0.99302435,3,Active (3/3),Melitric acid A,Melitric acid A,10459878,10459878,Melissa officinalis,Melissa officinalis,"2-[(E)-3-[4-[(Z)-1-carboxy-2-(3,4-dihydroxyphenyl)ethenoxy]-3-hydroxyphenyl]prop-2-enoyl]oxy-3-(3,4-dihydroxyphenyl)propanoic acid",C1=CC(=C(C=C1CC(C(=O)O)OC(=O)/C=C/C2=CC(=C(C=C2)O/C(=C\C3=CC(=C(C=C3)O)O)/C(=O)O)O)O)O,C27H22O12,538.11112617,1,1,False
6,O=C(C=Cc1ccc(O)c2c1C(C(=O)O)C(c1ccc(O)c(O)c1)O2)OC(Cc1ccc(O)c(O)c1)C(=O)O,1,1,1,0.9946053,0.99356496,0.9908698,0.9930134,3,Active (3/3),Lithospermic acid,Lithospermic acid,6441498,6441498,Melissa officinalis,Melissa officinalis,"(2S,3S)-4-[(E)-3-[(1R)-1-carboxy-2-(3,4-dihydroxyphenyl)ethoxy]-3-oxoprop-1-enyl]-2-(3,4-dihydroxyphenyl)-7-hydroxy-2,3-dihydro-1-benzofuran-3-carboxylic acid",C1=CC(=C(C=C1C[C@H](C(=O)O)OC(=O)/C=C/C2=C3[C@@H]([C@H](OC3=C(C=C2)O)C4=CC(=C(C=C4)O)O)C(=O)O)O)O,C27H22O12,538.11112617,1,1,False
7,O=C(C=Cc1ccc(O)c2c1C(C(=O)OC(Cc1ccc(O)c(O)c1)C(=O)O)C(c1ccc(O)c(O)c1)O2)OC(Cc1ccc(O)c(O)c1)C(=O)O,1,1,1,0.9946053,0.9931619,0.99124247,0.9930032,3,Active (3/3),Salvianolic acid B,Salvianolic acid B,6451084,6451084,Melissa officinalis,Melissa officinalis,"(2R)-2-[(E)-3-[(2S,3S)-3-[(1R)-1-carboxy-2-(3,4-dihydroxyphenyl)ethoxy]carbonyl-2-(3,4-dihydroxyphenyl)-7-hydroxy-2,3-dihydro-1-benzofuran-4-yl]prop-2-enoyl]oxy-3-(3,4-dihydroxyphenyl)propanoic acid",C1=CC(=C(C=C1C[C@H](C(=O)O)OC(=O)/C=C/C2=C3[C@@H]([C@H](OC3=C(C=C2)O)C4=CC(=C(C=C4)O)O)C(=O)O[C@H](CC5=CC(=C(C=C5)O)O)C(=O)O)O)O,C36H30O16,718.15338491,1,1,False
8,O=C(OC(C(=O)O)C(OC(=O)c1cc(O)c(O)c(O)c1)C1OC(=O)c2cc(O)c(O)c(O)c2-c2c(cc(O)c(O)c2O)C(=O)OCC1O)c1cc(O)c(O)c(O)c1,1,1,1,0.98764884,0.9983073,0.9929163,0.99295753,3,Active (3/3),Punigluconin,Punigluconin,21637585,21637585,Phyllanthus niruri,Phyllanthus niruri,"(2R,3S)-3-[(10R,11R)-3,4,5,11,17,18,19-heptahydroxy-8,14-dioxo-9,13-dioxatricyclo[13.4.0.02,7]nonadeca-1(19),2,4,6,15,17-hexaen-10-yl]-2,3-bis[(3,4,5-trihydroxybenzoyl)oxy]propanoic acid",C1[C@H]([C@@H](OC(=O)C2=CC(=C(C(=C2C3=C(C(=C(C=C3C(=O)O1)O)O)O)O)O)O)[C@@H]([C@H](C(=O)O)OC(=O)C4=CC(=C(C(=C4)O)O)O)OC(=O)C5=CC(=C(C(=C5)O)O)O)O,C34H26O23,802.08648714,1,1,False
9,O=C(C=Cc1ccc2c(c1)OC(=O)C(=Cc1ccc(O)c(O)c1)O2)OC(Cc1ccc(O)c(O)c1)C(=O)O,1,1,1,0.9946053,0.99346983,0.99034286,0.99280596,3,Active (3/3),Melitric acid B,Melitric acid B,131752903,131752903,Melissa officinalis,Melissa officinalis,"3-(3,4-dihydroxyphenyl)-2-[(E)-3-[(2Z)-2-[(3,4-dihydroxyphenyl)methylidene]-3-oxo-1,4-benzodioxin-6-yl]prop-2-enoyl]oxypropanoic acid",C1=CC(=C(C=C1CC(C(=O)O)OC(=O)/C=C/C2=CC3=C(C=C2)O/C(=C\C4=CC(=C(C=C4)O)O)/C(=O)O3)O)O,C27H20O11,520.10056148,1,1,False
10,O=C(C=Cc1ccc(O)c(O)c1C=Cc1ccc(O)c(O)c1)OC(Cc1ccc(O)c(O)c1)C(=O)O,1,1,1,0.9946053,0.9928435,0.9909576,0.99280214,3,Active (3/3),Salvianolic acid A,Salvianolic acid A,5281793,5281793,Melissa officinalis,Melissa officinalis,"(2R)-3-(3,4-dihydroxyphenyl)-2-[(E)-3-[2-[(E)-2-(3,4-dihydroxyphenyl)ethenyl]-3,4-dihydroxyphenyl]prop-2-enoyl]oxypropanoic acid",C1=CC(=C(C=C1C[C@H](C(=O)O)OC(=O)/C=C/C2=C(C(=C(C=C2)O)O)/C=C/C3=CC(=C(C=C3)O)O)O)O,C26H22O10,494.12129692,1,1,False
11,O=C1OC2COC(=O)c3cc(O)c(O)c(O)c3-c3c(cc(O)c(O)c3O)C(=O)OC2C(OC(=O)c2cc(O)c(O)c(O)c2)=C1OC(=O)c1cc(O)c(O)c(O)c1,1,1,1,0.98764884,0.9965503,0.99297976,0.992393,3,Active (3/3),Emblicanin A,Emblicanin A,119058016,119058016,Phyllanthus niruri,Phyllanthus niruri,"[(10R,15R)-3,4,5,21,22,23-hexahydroxy-8,13,18-trioxo-12-(3,4,5-trihydroxybenzoyl)oxy-9,14,17-trioxatetracyclo[17.4.0.02,7.010,15]tricosa-1(23),2,4,6,11,19,21-heptaen-11-yl] 3,4,5-trihydroxybenzoate",C1[C@@H]2[C@H](C(=C(C(=O)O2)OC(=O)C3=CC(=C(C(=C3)O)O)O)OC(=O)C4=CC(=C(C(=C4)O)O)O)OC(=O)C5=CC(=C(C(=C5C6=C(C(=C(C=C6C(=O)O1)O)O)O)O)O)O,C34H22O22,782.06027239,1,1,False
12,O=C(C=Cc1ccc(O)cc1)OC(Cc1ccc(O)c(O)c1)C(=O)O,1,1,1,0.9946053,0.9948935,0.9866642,0.9920543,3,Active (3/3),Clinopodic acid A,Clinopodic acid A,25244691,25244691,Melissa officinalis,Melissa officinalis,"(2R)-3-(3,4-dihydroxyphenyl)-2-[(E)-3-(4-hydroxyphenyl)prop-2-enoyl]oxypropanoic acid",C1=CC(=CC=C1/C=C/C(=O)O[C@H](CC2=CC(=C(C=C2)O)O)C(=O)O)O,C18H16O7,344.08960287,1,1,False
13,O=C1OCC2OC(O)C3OC(=O)c4cc(O)c(O)c(O)c4-c4c(cc(O)c(O)c4O)C(=O)OC3C2OC(=O)c2cc(O)c(O)c(O)c2-c2c1cc(O)c(O)c2O,1,1,1,0.98764884,0.99628985,0.9907683,0.99156904,3,Active (3/3),Pedunculagin,Pedunculagin,442688,442688,Phyllanthus niruri,Phyllanthus niruri,"(1R,2S,19R,22R)-7,8,9,12,13,14,20,28,29,30,33,34,35-tridecahydroxy-3,18,21,24,39-pentaoxaheptacyclo[20.17.0.02,19.05,10.011,16.026,31.032,37]nonatriaconta-5,7,9,11,13,15,26,28,30,32,34,36-dodecaene-4,17,25,38-tetrone",C1[C@@H]2[C@H]([C@H]3[C@H](C(O2)O)OC(=O)C4=CC(=C(C(=C4C5=C(C(=C(C=C5C(=O)O3)O)O)O)O)O)O)OC(=O)C6=CC(=C(C(=C6C7=C(C(=C(C=C7C(=O)O1)O)O)O)O)O)O,C34H24O22,784.07592246,1,1,False
14,CC(C)=CCc1c(O)c(O)c(OC2OC(COC3OC(C)C(O)C(O)C3O)C(O)C(O)C2O)c2c1OC(c1ccc(O)cc1)CC2=O,1,1,1,0.99597496,0.9939077,0.9844141,0.99143225,3,Active (3/3),Nirurin,Nirurin,102405297,102405297,Phyllanthus niruri,Phyllanthus niruri,"6,7-dihydroxy-2-(4-hydroxyphenyl)-8-(3-methylbut-2-enyl)-5-[(2S,3R,4S,5S,6R)-3,4,5-trihydroxy-6-[[(2R,3R,4R,5R,6S)-3,4,5-trihydroxy-6-methyloxan-2-yl]oxymethyl]oxan-2-yl]oxy-2,3-dihydrochromen-4-one",C[C@H]1[C@@H]([C@H]([C@H]([C@@H](O1)OC[C@@H]2[C@H]([C@@H]([C@H]([C@@H](O2)OC3=C(C(=C(C4=C3C(=O)CC(O4)C5=CC=C(C=C5)O)CC=C(C)C)O)O)O)O)O)O)O)O,C32H40O15,664.23672061,1,1,False
15,CC1OC(OCC2OC(OCC(O)c3ccc(O)c(O)c3)C(O)C(O)C2OC(=O)C=Cc2ccc(O)c(O)c2)C(O)C(O)C1O,1,1,1,0.99597496,0.98730487,0.98891884,0.9907329,3,Active (3/3),Suspensaside,Suspensaside,5281798,5281798,Forsythia suspensa,Forsythia suspensa,"[(2R,3S,4R,5R,6R)-6-[2-(3,4-dihydroxyphenyl)-2-hydroxyethoxy]-4,5-dihydroxy-2-[[(2R,3R,4R,5R,6S)-3,4,5-trihydroxy-6-methyloxan-2-yl]oxymethyl]oxan-3-yl] (E)-3-(3,4-dihydroxyphenyl)prop-2-enoate",C[C@H]1[C@@H]([C@H]([C@H]([C@@H](O1)OC[C@@H]2[C@H]([C@@H]([C@H]([C@@H](O2)OCC(C3=CC(=C(C=C3)O)O)O)O)O)OC(=O)/C=C/C4=CC(=C(C=C4)O)O)O)O)O,C29H36O16,640.20033511,1,1,False
16,COc1cc(C(=O)O)ccc1O,1,1,1,0.99509877,0.994469,0.98214424,0.9905707,3,Active (3/3),Vanillic acid,Vanillic acid,8468,8468,Zingiber officinale,Zingiber officinale,4-hydroxy-3-methoxybenzoic acid,COC1=C(C=CC(=C1)C(=O)O)O,C8H8O4,168.04225874,1,1,False
17,O=C(O)C(Cc1ccc(O)c(O)c1)OC(=O)C1C(C(=O)OC(Cc2ccc(O)c(O)c2)C(=O)O)C(c2ccc(O)c(O)c2)C1c1ccc(O)c(O)c1,1,1,1,0.98764884,0.9950546,0.9889437,0.9905491,3,Active (3/3),(+)-Sagerinic acid,(+)-Sagerinic acid,23760102,23760102,Melissa officinalis,Melissa officinalis,"2-[2-[1-carboxy-2-(3,4-dihydroxyphenyl)ethoxy]carbonyl-3,4-bis(3,4-dihydroxyphenyl)cyclobutanecarbonyl]oxy-3-(3,4-dihydroxyphenyl)propanoic acid",C1=CC(=C(C=C1CC(C(=O)O)OC(=O)C2C(C(C2C(=O)OC(CC3=CC(=C(C=C3)O)O)C(=O)O)C4=CC(=C(C=C4)O)O)C5=CC(=C(C=C5)O)O)O)O,C36H32O16,720.16903498,1,1,False
18,O=C(O)c1cc(O)c(O)c(O)c1,1,1,1,0.9831631,0.9960959,0.9873413,0.9888668,3,Active (3/3),Gallic acid,Gallic acid,370,370,Phyllanthus niruri,Phyllanthus niruri,"3,4,5-trihydroxybenzoic acid",C1=C(C=C(C(=C1O)O)O)C(=O)O,C7H6O5,170.0215233,1,1,False
19,CC1OC(Oc2cc(O)c3c(c2)OC(c2ccc(O)c(O)c2)CC3=O)C(O)C(O)C1O,1,1,1,0.99372405,0.9878363,0.9818227,0.9877944,3,Active (3/3),Eriodictin,Eriodictin,101789466,101789466,Phyllanthus niruri,Phyllanthus niruri,"(2S)-2-(3,4-dihydroxyphenyl)-5-hydroxy-7-[(2S,3R,4R,5R,6S)-3,4,5-trihydroxy-6-methyloxan-2-yl]oxy-2,3-dihydrochromen-4-one",C[C@H]1[C@@H]([C@H]([C@H]([C@@H](O1)OC2=CC(=C3C(=O)C[C@H](OC3=C2)C4=CC(=C(C=C4)O)O)O)O)O)O,C21H22O10,434.12129692,1,1,False
20,CC1OC(OCC2OC(OCCc3ccc(O)c(O)c3)C(O)C(O)C2OC(=O)C=Cc2ccc(O)c(O)c2)C(O)C(O)C1O,1,1,1,0.99597496,0.978272,0.9886004,0.98761576,3,Active (3/3),Forsythiaside,Forsythiaside,5281773,5281773,Forsythia suspensa,Forsythia suspensa,"[(2R,3S,4R,5R,6R)-6-[2-(3,4-dihydroxyphenyl)ethoxy]-4,5-dihydroxy-2-[[(2R,3R,4R,5R,6S)-3,4,5-trihydroxy-6-methyloxan-2-yl]oxymethyl]oxan-3-yl] (E)-3-(3,4-dihydroxyphenyl)prop-2-enoate",C[C@H]1[C@@H]([C@H]([C@H]([C@@H](O1)OC[C@@H]2[C@H]([C@@H]([C@H]([C@@H](O2)OCCC3=CC(=C(C=C3)O)O)O)O)OC(=O)/C=C/C4=CC(=C(C=C4)O)O)O)O)O,C29H36O15,624.20542048,1,1,False
21,CC(=O)OCC1OC(OC2(COC(C)=O)OC(COC(=O)C=Cc3ccccc3)C(O)C2OC(=O)C=Cc2ccccc2)C(OC(C)=O)C(O)C1OC(C)=O,1,1,1,0.9811386,0.99458283,0.9855338,0.98708504,3,Active (3/3),Niruriside,Niruriside,70697928,70697928,Phyllanthus niruri,Phyllanthus niruri,"[(2R,3R,4S,5S)-5-(acetyloxymethyl)-5-[(2S,3R,4S,5S,6R)-3,5-diacetyloxy-6-(acetyloxymethyl)-4-hydroxyoxan-2-yl]oxy-3-hydroxy-4-[(E)-3-phenylprop-2-enoyl]oxyoxolan-2-yl]methyl (E)-3-phenylprop-2-enoate",CC(=O)OC[C@@H]1[C@H]([C@@H]([C@H]([C@@H](O1)O[C@]2([C@H]([C@@H]([C@H](O2)COC(=O)/C=C/C3=CC=CC=C3)O)OC(=O)/C=C/C4=CC=CC=C4)COC(=O)C)OC(=O)C)O)OC(=O)C,C38H42O17,770.24219992,1,1,False
22,COc1cc(OC2OC(CO)C(O)C(O)C2O)c2c(c1OC)OC(c1ccccc1)CC2=O,1,1,1,0.99372405,0.9923654,0.9747973,0.98696226,3,Active (3/3),Andrographidin A,Andrographidin A,13963762,13963762,Andrographis paniculata,Andrographis paniculata,"(2S)-7,8-dimethoxy-2-phenyl-5-[(2S,3R,4S,5S,6R)-3,4,5-trihydroxy-6-(hydroxymethyl)oxan-2-yl]oxy-2,3-dihydrochromen-4-one",COC1=C(C2=C(C(=O)C[C@H](O2)C3=CC=CC=C3)C(=C1)O[C@H]4[C@@H]([C@H]([C@@H]([C@H](O4)CO)O)O)O)OC,C23H26O10,462.15259705,1,1,False
23,CCCCCCCCC=CCCCCCCCC(=O)OCC(O)COC1OC(COC2OC(CO)C(O)C(O)C2O)C(O)C(O)C1O,1,1,1,0.996528,0.96813977,0.98959297,0.9847536,3,Active (3/3),Gingerglycolipid C,Gingerglycolipid C,10259020,10259020,Zingiber officinale,Zingiber officinale,"[(2S)-2-hydroxy-3-[(2R,3R,4S,5R,6R)-3,4,5-trihydroxy-6-[[(2S,3R,4S,5R,6R)-3,4,5-trihydroxy-6-(hydroxymethyl)oxan-2-yl]oxymethyl]oxan-2-yl]oxypropyl] (Z)-octadec-9-enoate",CCCCCCCC/C=C\CCCCCCCC(=O)OC[C@H](CO[C@H]1[C@@H]([C@H]([C@H]([C@H](O1)CO[C@@H]2[C@@H]([C@H]([C@H]([C@H](O2)CO)O)O)O)O)O)O)O,C33H60O14,680.39830663,1,1,False
24,CCCCCC=CCC=CCCCCCCCC(=O)OCC(O)COC1OC(COC2OC(CO)C(O)C(O)C2O)C(O)C(O)C1O,1,1,1,0.996528,0.96777475,0.98959297,0.98463196,3,Active (3/3),Gingerglycolipid B,Gingerglycolipid B,10009754,10009754,Zingiber officinale,Zingiber officinale,"[(2S)-2-hydroxy-3-[(2R,3R,4S,5R,6R)-3,4,5-trihydroxy-6-[[(2S,3R,4S,5R,6R)-3,4,5-trihydroxy-6-(hydroxymethyl)oxan-2-yl]oxymethyl]oxan-2-yl]oxypropyl] (9Z,12Z)-octadeca-9,12-dienoate",CCCCC/C=C\C/C=C\CCCCCCCC(=O)OC[C@H](CO[C@H]1[C@@H]([C@H]([C@H]([C@H](O1)CO[C@@H]2[C@@H]([C@H]([C@H]([C@H](O2)CO)O)O)O)O)O)O)O,C33H58O14,678.38265656,1,1,False
25,O=C1c2c(O)cc(O)cc2OC(c2ccc(O)cc2)C1O,1,1,1,0.9945056,0.9886163,0.9701385,0.9844201,3,Active (3/3),(+)-Dihydrokaempferol,(+)-Dihydrokaempferol,122850,122850,Zingiber officinale,Zingiber officinale,"(2R,3R)-3,5,7-trihydroxy-2-(4-hydroxyphenyl)-2,3-dihydrochromen-4-one",C1=CC(=CC=C1[C@@H]2[C@H](C(=O)C3=C(C=C(C=C3O2)O)O)O)O,C15H12O6,288.06338812,1,1,False
26,CCC=CCC=CCC=CCCCCCCCC(=O)OCC(O)COC1OC(COC2OC(CO)C(O)C(O)C2O)C(O)C(O)C1O,1,1,1,0.996528,0.96646434,0.98959297,0.9841952,3,Active (3/3),Gingerglycolipid A,Gingerglycolipid A,10349562,10349562,Zingiber officinale,Zingiber officinale,"[(2S)-2-hydroxy-3-[(2R,3R,4S,5R,6R)-3,4,5-trihydroxy-6-[[(2S,3R,4S,5R,6R)-3,4,5-trihydroxy-6-(hydroxymethyl)oxan-2-yl]oxymethyl]oxan-2-yl]oxypropyl] (9Z,12Z,15Z)-octadeca-9,12,15-trienoate",CC/C=C\C/C=C\C/C=C\CCCCCCCC(=O)OC[C@H](CO[C@H]1[C@@H]([C@H]([C@H]([C@H](O1)CO[C@@H]2[C@@H]([C@H]([C@H]([C@H](O2)CO)O)O)O)O)O)O)O,C33H56O14,676.3670065,1,1,False
27,O=C(O)C1OC(Oc2cc(-c3cc(=O)c4c(O)cc(O)cc4o3)ccc2O)C(O)C(O)C1O,1,1,1,0.9606841,0.99729735,0.9907661,0.9829159,3,Active (3/3),Luteolin 3'-O-beta-D-glucuronide,Luteolin 3'-O-beta-D-glucuronide,10253785,10253785,Melissa officinalis,Melissa officinalis,"(2S,3S,4S,5R,6S)-6-[5-(5,7-dihydroxy-4-oxochromen-2-yl)-2-hydroxyphenoxy]-3,4,5-trihydroxyoxane-2-carboxylic acid",C1=CC(=C(C=C1C2=CC(=O)C3=C(C=C(C=C3O2)O)O)O[C@H]4[C@@H]([C@H]([C@@H]([C@H](O4)C(=O)O)O)O)O)O,C21H18O12,462.07982604,1,1,False
28,O=C(C=Cc1ccc(O)c(O)c1)OC=Cc1cc(O)cc(O)c1,1,1,1,0.99671614,0.9704669,0.97874326,0.9819755,3,Active (3/3),Nepetoidin A,Nepetoidin A,5316820,5316820,Melissa officinalis,Melissa officinalis,"[(Z)-2-(3,5-dihydroxyphenyl)ethenyl] (E)-3-(3,4-dihydroxyphenyl)prop-2-enoate",C1=CC(=C(C=C1/C=C/C(=O)O/C=C\C2=CC(=CC(=C2)O)O)O)O,C17H14O6,314.07903818,1,1,False
29,O=C(O)C=Cc1ccc(O)cc1,1,1,1,0.9909208,0.9884609,0.9664805,0.9819541,3,Active (3/3),p-Coumaric acid,p-Coumaric acid,637542,637542,Melissa officinalis,Melissa officinalis,(E)-3-(4-hydroxyphenyl)prop-2-enoic acid,C1=CC(=CC=C1/C=C/C(=O)O)O,C9H8O3,164.04734412,1,1,False
30,O=C(C=Cc1ccc(O)c(O)c1)OC1CC(O)(C(=O)O)CC(O)C1O,1,1,1,0.95972973,0.99524343,0.9907102,0.9818945,3,Active (3/3),3-Caffeoylquinic acid,3-Caffeoylquinic acid,1794427,1794427,Andrographis paniculata,Andrographis paniculata | Zingiber officinale,"(1S,3R,4R,5R)-3-[(E)-3-(3,4-dihydroxyphenyl)prop-2-enoyl]oxy-1,4,5-trihydroxycyclohexane-1-carboxylic acid",C1[C@H]([C@H]([C@@H](C[C@@]1(C(=O)O)O)OC(=O)/C=C/C2=CC(=C(C=C2)O)O)O)O,C16H18O9,354.09508217,2,1,False
31,CCCC(CC(CCc1ccc(O)c(OC)c1)OC(C)=O)OC(C)=O,1,1,1,0.99372405,0.9794833,0.9723504,0.9818526,3,Active (3/3),[4]-Gingerdiacetate,[4]-Gingerdiacetate,5318274,5318274,Zingiber officinale,Zingiber officinale,[6-acetyloxy-8-(4-hydroxy-3-methoxyphenyl)octan-4-yl] acetate,CCCC(CC(CCC1=CC(=C(C=C1)O)OC)OC(=O)C)OC(=O)C,C19H28O6,352.18858863,1,1,False
32,O=C(C=CC1=CC2C(c3ccc(O)c(O)c3)C(C(=O)O)C1C1(O)OC(=O)CC21O)OC(Cc1ccc(O)c(O)c1)C(=O)O,1,1,1,0.95972973,0.99588096,0.98983085,0.9818139,3,Active (3/3),Yunnaneic acid F,Yunnaneic acid F,10651175,10651175,Melissa officinalis,Melissa officinalis,"(1R,2S,6S,7R,8S,9R)-10-[(E)-3-[(1R)-1-carboxy-2-(3,4-dihydroxyphenyl)ethoxy]-3-oxoprop-1-enyl]-8-(3,4-dihydroxyphenyl)-2,6-dihydroxy-4-oxo-3-oxatricyclo[5.2.2.02,6]undec-10-ene-9-carboxylic acid",C1C(=O)O[C@@]2([C@]1([C@@H]3C=C([C@H]2[C@@H]([C@H]3C4=CC(=C(C=C4)O)O)C(=O)O)/C=C/C(=O)O[C@H](CC5=CC(=C(C=C5)O)O)C(=O)O)O)O,C29H26O14,598.13225554,1,1,False
33,COc1cc(C=CC(=O)O)ccc1O,1,1,1,0.9977151,0.980957,0.96375453,0.9808089,3,Active (3/3),Ferulic acid,Ferulic acid,445858,445858,Andrographis paniculata,Andrographis paniculata | Zingiber officinale,(E)-3-(4-hydroxy-3-methoxyphenyl)prop-2-enoic acid,COC1=C(C=CC(=C1)/C=C/C(=O)O)O,C10H10O4,194.05790881,2,1,False
34,CCCCCCC=CCCCCCCCC(=O)O,1,1,1,0.99138385,0.97703326,0.9684953,0.9789708,3,Active (3/3),Palmitoleic acid,Palmitoleic acid,445638,445638,Zingiber officinale,Zingiber officinale,(Z)-hexadec-9-enoic acid,CCCCCC/C=C\CCCCCCCC(=O)O,C16H30O2,254.2245802,1,1,False
35,O=C(O)C=Cc1ccc(O)c(O)c1,1,1,1,0.9909208,0.98145294,0.96251374,0.9782958,3,Active (3/3),Caffeic acid,Caffeic acid,689043,689043,Andrographis paniculata,Andrographis paniculata | Melissa officinalis,"(E)-3-(3,4-dihydroxyphenyl)prop-2-enoic acid",C1=CC(=C(C=C1/C=C/C(=O)O)O)O,C9H8O4,180.04225874,2,1,False
36,CC1OC(Oc2c(-c3ccc(O)c(O)c3)oc3cc(O)cc(O)c3c2=O)C(O)C(O)C1O,1,1,1,0.9659103,0.9812429,0.9862191,0.9777908,3,Active (3/3),Quercetin 3-O-alpha-L-rhamnoside,Quercetin 3-O-alpha-L-rhamnoside,5280459,5280459,Phyllanthus niruri,Phyllanthus niruri,"2-(3,4-dihydroxyphenyl)-5,7-dihydroxy-3-[(2S,3R,4R,5R,6S)-3,4,5-trihydroxy-6-methyloxan-2-yl]oxychromen-4-one",C[C@H]1[C@@H]([C@H]([C@H]([C@@H](O1)OC2=C(OC3=CC(=CC(=C3C2=O)O)O)C4=CC(=C(C=C4)O)O)O)O)O,C21H20O11,448.10056148,1,1,False
37,CCCCCCCCCCC(=O)O,1,1,1,0.981827,0.975854,0.97475064,0.97747725,3,Active (3/3),Undecanoic acid,Undecanoic acid,8180,8180,Zingiber officinale,Zingiber officinale,undecanoic acid,CCCCCCCCCCC(=O)O,C11H22O2,186.16197995,1,1,False
38,CCCCCCCCCCCC(=O)O,1,1,1,0.981827,0.975854,0.97475064,0.97747725,3,Active (3/3),Dodecanoic acid,Dodecanoic acid,3893,3893,Zingiber officinale,Zingiber officinale,dodecanoic acid,CCCCCCCCCCCC(=O)O,C12H24O2,200.17763001,1,1,False
39,CCCCCCCCCCCCCC(=O)O,1,1,1,0.981827,0.975854,0.97475064,0.97747725,3,Active (3/3),Myristic acid,Myristic acid,11005,11005,Zingiber officinale,Zingiber officinale,tetradecanoic acid,CCCCCCCCCCCCCC(=O)O,C14H28O2,228.20893014,1,1,False
40,CCCCCCCCCCCCCCC(=O)O,1,1,1,0.981827,0.975854,0.9747507,0.97747725,3,Active (3/3),Pentadecanoic acid,Pentadecanoic acid,13849,13849,Zingiber officinale,Zingiber officinale,pentadecanoic acid,CCCCCCCCCCCCCCC(=O)O,C15H30O2,242.2245802,1,1,False
41,O=C1OC(C(O)CO)C(O)=C1O,1,1,1,0.97418094,0.9838578,0.97388756,0.97730875,3,Active (3/3),(+)-Ascorbic acid,(+)-Ascorbic acid,54670067,54670067,Zingiber officinale,Zingiber officinale,"(2R)-2-[(1S)-1,2-dihydroxyethyl]-3,4-dihydroxy-2H-furan-5-one",C([C@@H]([C@@H]1C(=C(C(=O)O1)O)O)O)O,C6H8O6,176.03208799,1,1,False
42,CCCCCCCCCCCCCCCCC(=O)O,1,1,1,0.981827,0.975854,0.9739124,0.9771978,3,Active (3/3),Heptadecanoic acid,Heptadecanoic acid,10465,10465,Zingiber officinale,Zingiber officinale,heptadecanoic acid,CCCCCCCCCCCCCCCCC(=O)O,C17H34O2,270.25588033,1,1,False
43,CCCCCCCCCCCCCCCCCCCCCCCC(=O)O,1,1,1,0.981827,0.975854,0.9739124,0.9771978,3,Active (3/3),Lignoceric acid,Lignoceric acid,11197,11197,Zingiber officinale,Zingiber officinale,tetracosanoic acid,CCCCCCCCCCCCCCCCCCCCCCCC(=O)O,C24H48O2,368.36543078,1,1,False
44,CCCCCCCCCCCCCCCCCCCCCCCCCCCCCC(=O)O,1,1,1,0.981827,0.975854,0.9739124,0.9771978,3,Active (3/3),Triacontanoic acid,Triacontanoic acid,10471,10471,Zingiber officinale,Zingiber officinale,triacontanoic acid,CCCCCCCCCCCCCCCCCCCCCCCCCCCCCC(=O)O,C30H60O2,452.45933116,1,1,False
45,COc1cc(O)c2c(c1OC)OC(c1ccccc1)CC2=O,1,1,1,0.99372405,0.9725412,0.9652937,0.97718626,3,Active (3/3),"5-Hydroxy-7,8-dimethoxyflavanone","5-Hydroxy-7,8-dimethoxyflavanone",13963770,13963770,Andrographis paniculata,Andrographis paniculata,"5-hydroxy-7,8-dimethoxy-2-phenyl-2,3-dihydrochromen-4-one",COC1=C(C2=C(C(=O)CC(O2)C3=CC=CC=C3)C(=C1)O)OC,C17H16O5,300.09977362,1,1,False
46,CC1OC(Oc2ccc(-c3oc4cc(O)cc(O)c4c(=O)c3O)cc2)C(O)C(O)C1O,1,1,1,0.9659103,0.9820602,0.9833674,0.9771126,3,Active (3/3),Kaempferol 4'-rhamnoside,Kaempferol 4'-rhamnoside,44258925,44258925,Phyllanthus niruri,Phyllanthus niruri,"3,5,7-trihydroxy-2-[4-[(2S,3S,5R)-3,4,5-trihydroxy-6-methyloxan-2-yl]oxyphenyl]chromen-4-one",CC1[C@@H](C([C@@H]([C@@H](O1)OC2=CC=C(C=C2)C3=C(C(=O)C4=C(C=C(C=C4O3)O)O)O)O)O)O,C21H20O10,432.10564686,1,1,False
47,CCCCCC(CC(CCc1ccc(O)c(OC)c1)OC(C)=O)OC(C)=O,1,1,1,0.99372405,0.96418244,0.9723504,0.9767523,3,Active (3/3),"[6]-Gingerdiol 3,5-diacetate","[6]-Gingerdiol 3,5-diacetate",5317587,5317587,Zingiber officinale,Zingiber officinale,[3-acetyloxy-1-(4-hydroxy-3-methoxyphenyl)decan-5-yl] acetate,CCCCCC(CC(CCC1=CC(=C(C=C1)O)OC)OC(=O)C)OC(=O)C,C21H32O6,380.21988875,1,1,False
48,CC1(CO)CCC2(C(=O)OC3OC(CO)C(O)C(O)C3O)CCC3(C)C(=CCC4C5(C)CC(O)C(O)C(C)(CO)C5CCC43C)C2C1,1,1,1,0.9691149,0.97260696,0.9878443,0.976522,3,Active (3/3),Quadranoside III,Quadranoside III,10327092,10327092,Melissa officinalis,Melissa officinalis,"[(2S,3R,4S,5S,6R)-3,4,5-trihydroxy-6-(hydroxymethyl)oxan-2-yl] (2R,4aR,6aR,6aS,6bR,8aR,9R,10R,11R,12aR,14bS)-10,11-dihydroxy-2,9-bis(hydroxymethyl)-2,6a,6b,9,12a-pentamethyl-1,3,4,5,6,6a,7,8,8a,10,11,12,13,14b-tetradecahydropicene-4a-carboxylate",C[C@]1(CC[C@@]2(CC[C@@]3(C(=CC[C@H]4[C@]3(CC[C@@H]5[C@@]4(C[C@H]([C@@H]([C@@]5(C)CO)O)O)C)C)[C@@H]2C1)C)C(=O)O[C@H]6[C@@H]([C@H]([C@@H]([C@H](O6)CO)O)O)O)CO,C36H58O11,666.3979127,1,1,False
49,CCCCCCCC(CC(CCc1ccc(O)c(OC)c1)OC(C)=O)OC(C)=O,1,1,1,0.99372405,0.9606722,0.9723504,0.9755822,3,Active (3/3),[8]-Gingerdiol,[8]-Gingerdiol,156373480,156373480,Zingiber officinale,Zingiber officinale,[3-acetyloxy-1-(4-hydroxy-3-methoxyphenyl)dodecan-5-yl] acetate,CCCCCCCC(CC(CCC1=CC(=C(C=C1)O)OC)OC(=O)C)OC(=O)C,C23H36O6,408.25118888,1,1,False
50,CC(=O)OC1CCC2(C)C(CCC3(C)C2CC=C2C4C(C)C(C)CCC4(C(=O)O)CCC23C)C1(C)C,1,1,1,0.9691149,0.9945373,0.9629541,0.9755354,3,Active (3/3),Acetylursolic acid,Acetylursolic acid,6475119,6475119,Forsythia suspensa,Forsythia suspensa,"(1S,2R,4aS,6aR,6aS,6bR,8aR,10S,12aR,14bS)-10-acetyloxy-1,2,6a,6b,9,9,12a-heptamethyl-2,3,4,5,6,6a,7,8,8a,10,11,12,13,14b-tetradecahydro-1H-picene-4a-carboxylic acid",C[C@@H]1CC[C@@]2(CC[C@@]3(C(=CC[C@H]4[C@]3(CC[C@@H]5[C@@]4(CC[C@@H](C5(C)C)OC(=O)C)C)C)[C@@H]2[C@H]1C)C)C(=O)O,C32H50O4,498.37091008,1,1,False
51,CC(=CCO)CCC=C(C)C(=O)O,1,1,1,0.99138385,0.96327376,0.97133046,0.97532934,3,Active (3/3),Foliamenthic acid,Foliamenthic acid,12681385,12681385,Zingiber officinale,Zingiber officinale,"(2E,6E)-8-hydroxy-2,6-dimethylocta-2,6-dienoic acid",C/C(=C\CO)/CC/C=C(\C)/C(=O)O,C10H16O3,184.10994438,1,1,False
52,C=C1CCC2C(C)(COC3OC(CO)C(O)C(O)C3O)C(O)CCC2(C)C1CCC1=CCOC1=O,1,1,1,0.95879436,0.979088,0.98549944,0.9744606,3,Active (3/3),Ninandrographolide,Ninandrographolide,44575270,44575270,Andrographis paniculata,Andrographis paniculata,"4-[2-[(1R,4aS,5R,6R,8aS)-6-hydroxy-5,8a-dimethyl-2-methylidene-5-[[(2R,3R,4S,5S,6R)-3,4,5-trihydroxy-6-(hydroxymethyl)oxan-2-yl]oxymethyl]-3,4,4a,6,7,8-hexahydro-1H-naphthalen-1-yl]ethyl]-2H-furan-5-one",C[C@@]12CC[C@H]([C@@]([C@H]1CCC(=C)[C@H]2CCC3=CCOC3=O)(C)CO[C@H]4[C@@H]([C@H]([C@@H]([C@H](O4)CO)O)O)O)O,C26H40O9,496.26723288,1,1,False
53,C=C1CCC2C(C)(CO)C(O)CCC2(C)C1CC=C1C(=O)OCC1OC(C)=O,1,1,1,0.95879436,0.98712087,0.9736126,0.97317594,3,Active (3/3),14-Acetylandrographolide,14-Acetylandrographolide,71589914,71589914,Andrographis paniculata,Andrographis paniculata,"[(4Z)-4-[2-[6-hydroxy-5-(hydroxymethyl)-5,8a-dimethyl-2-methylidene-3,4,4a,6,7,8-hexahydro-1H-naphthalen-1-yl]ethylidene]-5-oxooxolan-3-yl] acetate",CC(=O)OC\1COC(=O)/C1=C\CC2C(=C)CCC3C2(CCC(C3(C)CO)O)C,C22H32O6,392.21988875,1,1,False
54,COc1cc(OC2OC(CO)C(O)C(O)C2O)c2c(=O)cc(-c3ccc(O)c(OC)c3OC)oc2c1OC,1,1,1,0.9476487,0.9848521,0.9866183,0.9730397,3,Active (3/3),"5,4'-Dihidroxy-7,8,2',3'-tetramethoxy flavone 5-glucoside","5,4'-Dihidroxy-7,8,2',3'-tetramethoxy flavone 5-glucoside",13963764,13963764,Andrographis paniculata,Andrographis paniculata,"2-(4-hydroxy-2,3-dimethoxyphenyl)-7,8-dimethoxy-5-[3,4,5-trihydroxy-6-(hydroxymethyl)oxan-2-yl]oxychromen-4-one",COC1=C(C2=C(C(=C1)OC3C(C(C(C(O3)CO)O)O)O)C(=O)C=C(O2)C4=C(C(=C(C=C4)O)OC)OC)OC,C25H28O13,536.15299098,1,1,False
55,O=C(O)C(O)Cc1ccc(O)c(O)c1,1,1,1,0.96601367,0.9894311,0.9621098,0.9725182,3,Active (3/3),Salvianic acid A,"Salvianic acid A | 3-(3,4-Dihydroxyphenyl)-2-hydroxypropanoic acid",439435,439435 | 11600642,Melissa officinalis,Melissa officinalis,"(2R)-3-(3,4-dihydroxyphenyl)-2-hydroxypropanoic acid",C1=CC(=C(C=C1C[C@H](C(=O)O)O)O)O,C9H10O5,198.05282343,2,2,True
56,C=C1CCC2C(C)(CO)C(O)CCC2(C)C1C=CC1=CC(C(CC2C(=C)CCC3C(C)(CO)C(O)CCC23C)C2=CCOC2=O)OC1=O,1,1,1,0.95879436,0.97082454,0.98651975,0.9720462,3,Active (3/3),Bisandrographolide C,Bisandrographolide C,12000062,12000062,Andrographis paniculata,Andrographis paniculata,"4-[(E)-2-[(1R,4aS,5R,6R,8aR)-6-hydroxy-5-(hydroxymethyl)-5,8a-dimethyl-2-methylidene-3,4,4a,6,7,8-hexahydro-1H-naphthalen-1-yl]ethenyl]-2-[2-[(1R,4aS,5R,6R,8aR)-6-hydroxy-5-(hydroxymethyl)-5,8a-dimethyl-2-methylidene-3,4,4a,6,7,8-hexahydro-1H-naphthalen-1-yl]-1-(5-oxo-2H-furan-4-yl)ethyl]-2H-furan-5-one",C[C@@]12CC[C@H]([C@@]([C@H]1CCC(=C)[C@H]2CC(C3C=C(C(=O)O3)/C=C/[C@@H]4C(=C)CC[C@H]5[C@]4(CC[C@H]([C@@]5(C)CO)O)C)C6=CCOC6=O)(C)CO)O,C40H56O8,664.39751876,1,1,False
57,COc1c(O)cc(OC2OC(CO)C(O)C(O)C2O)c2c(=O)cc(-c3ccccc3)oc12,1,1,1,0.9476487,0.9818309,0.9865007,0.97199345,3,Active (3/3),Wogonin 5-glucoside,Wogonin 5-glucoside,5488686,5488686,Andrographis paniculata,Andrographis paniculata,"7-hydroxy-8-methoxy-2-phenyl-5-[(2S,3R,4S,5S,6R)-3,4,5-trihydroxy-6-(hydroxymethyl)oxan-2-yl]oxychromen-4-one",COC1=C2C(=C(C=C1O)O[C@H]3[C@@H]([C@H]([C@@H]([C@H](O3)CO)O)O)O)C(=O)C=C(O2)C4=CC=CC=C4,C22H22O10,446.12129692,1,1,False
58,O=C(O)C=Cc1ccc(O)c(O)c1C=Cc1ccc(O)c(O)c1,1,1,1,0.9909208,0.97581995,0.94776994,0.97150356,3,Active (3/3),Salvianolic acid F,Salvianolic acid F,10903113,10903113,Melissa officinalis,Melissa officinalis,"(E)-3-[2-[(E)-2-(3,4-dihydroxyphenyl)ethenyl]-3,4-dihydroxyphenyl]prop-2-enoic acid",C1=CC(=C(C=C1/C=C/C2=C(C=CC(=C2O)O)/C=C/C(=O)O)O)O,C17H14O6,314.07903818,1,1,False
59,CC1OC(OCC2OC(Oc3c(-c4ccc(O)c(O)c4)oc4cc(O)cc(O)c4c3=O)C(O)C(O)C2O)C(O)C(O)C1O,1,1,1,0.9476487,0.9780824,0.9871977,0.9709763,3,Active (3/3),Quercetin 3-rutinoside,Quercetin 3-rutinoside,5280805,5280805,Forsythia suspensa,Forsythia suspensa | Phyllanthus niruri | Zingiber officinale,"2-(3,4-dihydroxyphenyl)-5,7-dihydroxy-3-[(2S,3R,4S,5S,6R)-3,4,5-trihydroxy-6-[[(2R,3R,4R,5R,6S)-3,4,5-trihydroxy-6-methyloxan-2-yl]oxymethyl]oxan-2-yl]oxychromen-4-one",C[C@H]1[C@@H]([C@H]([C@H]([C@@H](O1)OC[C@@H]2[C@H]([C@@H]([C@H]([C@@H](O2)OC3=C(OC4=CC(=CC(=C4C3=O)O)O)C5=CC(=C(C=C5)O)O)O)O)O)O)O)O,C27H30O16,610.15338491,3,1,False
60,COc1cc(OC2OC(CO)C(O)C(O)C2O)c2c(=O)cc(-c3ccccc3)oc2c1OC,1,1,1,0.9476487,0.9837177,0.9810095,0.970792,3,Active (3/3),"5-Hydroxy-7,8-dimethoxyflavone 5-glucoside","5-Hydroxy-7,8-dimethoxyflavone 5-glucoside",44258557,44258557,Andrographis paniculata,Andrographis paniculata,"7,8-dimethoxy-2-phenyl-5-[(2S,4S,5S)-3,4,5-trihydroxy-6-(hydroxymethyl)oxan-2-yl]oxychromen-4-one",COC1=C(C2=C(C(=C1)O[C@H]3C([C@H]([C@@H](C(O3)CO)O)O)O)C(=O)C=C(O2)C4=CC=CC=C4)OC,C23H24O10,460.13694699,1,1,False
61,COc1cc(O)c2c(=O)cc(-c3cccc(OC4OC(CO)C(O)C(O)C4O)c3O)oc2c1OC,1,1,1,0.9476487,0.97695154,0.9865007,0.97036695,3,Active (3/3),"5,2',3'-Trihydroxy-7,8-dimethoxyflavone 3'-glucoside","5,2',3'-Trihydroxy-7,8-dimethoxyflavone 3'-glucoside",11968627,11968627,Andrographis paniculata,Andrographis paniculata,"5-hydroxy-2-[2-hydroxy-3-[(2S,3R,4S,5S,6R)-3,4,5-trihydroxy-6-(hydroxymethyl)oxan-2-yl]oxyphenyl]-7,8-dimethoxychromen-4-one",COC1=C(C2=C(C(=C1)O)C(=O)C=C(O2)C3=C(C(=CC=C3)O[C@H]4[C@@H]([C@H]([C@@H]([C@H](O4)CO)O)O)O)O)OC,C23H24O12,492.12677623,1,1,False
62,CCCCCCCCCCCCCCCC(=O)OCC(O)CO,1,1,1,0.9914166,0.93997616,0.97918904,0.97019386,3,Active (3/3),3-Palmitoyl-sn-glycerol,3-Palmitoyl-sn-glycerol | 1-Palmitoyl-sn-glycerol,3084463,3084463 | 11359451,Zingiber officinale,Zingiber officinale,"[(2R)-2,3-dihydroxypropyl] hexadecanoate",CCCCCCCCCCCCCCCC(=O)OC[C@@H](CO)O,C19H38O4,330.2770097,2,2,True
63,CC(C)=CCCC1=C2C(CC3(C)OC3C2O)OC1=O,1,1,1,0.9691149,0.9667354,0.97349167,0.9697807,3,Active (3/3),Paniculide A,Paniculide A,11821485,11821485,Andrographis paniculata,Andrographis paniculata,"(1aR,2aS,6S,6aS)-6-hydroxy-1a-methyl-5-(4-methylpent-3-enyl)-2,2a,6,6a-tetrahydrooxireno[2,3-f][1]benzofuran-4-one",CC(=CCCC1=C2[C@H](C[C@@]3([C@H]([C@H]2O)O3)C)OC1=O)C,C15H20O4,264.13615913,1,1,False
64,COc1cc(O)c2c(c1OC)OC(c1ccccc1O)CC2=O,1,1,1,0.99372405,0.94957757,0.9652937,0.9695318,3,Active (3/3),Dihydroskullcap flavone I,Dihydroskullcap flavone I,12098358,12098358,Andrographis paniculata,Andrographis paniculata,"(2S)-5-hydroxy-2-(2-hydroxyphenyl)-7,8-dimethoxy-2,3-dihydrochromen-4-one",COC1=C(C2=C(C(=O)C[C@H](O2)C3=CC=CC=C3O)C(=C1)O)OC,C17H16O6,316.09468824,1,1,False
65,COc1cccc(-c2cc(=O)c3c(OC4OC(CO)C(O)C(O)C4O)cc(OC)c(OC)c3o2)c1OC,1,1,1,0.9476487,0.97952515,0.9810095,0.96939445,3,Active (3/3),"5-Hydroxy-7,8,2',3'-tetramethoxyflavone 5-glucoside","5-Hydroxy-7,8,2',3'-tetramethoxyflavone 5-glucoside",44258544,44258544,Andrographis paniculata,Andrographis paniculata,"2-(2,3-dimethoxyphenyl)-7,8-dimethoxy-5-[(2S,4S,5S)-3,4,5-trihydroxy-6-(hydroxymethyl)oxan-2-yl]oxychromen-4-one",COC1=CC=CC(=C1OC)C2=CC(=O)C3=C(O2)C(=C(C=C3O[C@H]4C([C@H]([C@@H](C(O4)CO)O)O)O)OC)OC,C25H28O12,520.15807636,1,1,False
66,O=C(O)C1OC(Oc2cc(-c3cc(=O)c4c(O)cc(OC5OC(CO)C(O)C(O)C5O)cc4o3)ccc2O)C(O)C(O)C1O,1,1,1,0.91948414,0.99717057,0.99128985,0.9693149,3,Active (3/3),Luteolin 7-glucoside-3'-glucuronide,Luteolin 7-glucoside-3'-glucuronide,44258136,44258136,Melissa officinalis,Melissa officinalis,"(3S,4S,6S)-3,4,5-trihydroxy-6-[2-hydroxy-5-[5-hydroxy-4-oxo-7-[(2S,4S,5S)-3,4,5-trihydroxy-6-(hydroxymethyl)oxan-2-yl]oxychromen-2-yl]phenoxy]oxane-2-carboxylic acid",C1=CC(=C(C=C1C2=CC(=O)C3=C(C=C(C=C3O2)O[C@H]4C([C@H]([C@@H](C(O4)CO)O)O)O)O)O[C@H]5C([C@H]([C@@H](C(O5)C(=O)O)O)O)O)O,C27H28O17,624.13264947,1,1,False
67,CC(C)=CCCC1=C2C(CC3(CO)OC3C2O)OC1=O,1,1,1,0.9691149,0.96385485,0.97349167,0.9688205,3,Active (3/3),Paniculide B,Paniculide B,101289823,101289823,Andrographis paniculata,Andrographis paniculata,"(1aS,2aS,6S,6aS)-6-hydroxy-1a-(hydroxymethyl)-5-(4-methylpent-3-enyl)-2,2a,6,6a-tetrahydrooxireno[2,3-f][1]benzofuran-4-one",CC(=CCCC1=C2[C@H](C[C@@]3([C@H]([C@H]2O)O3)CO)OC1=O)C,C15H20O5,280.13107375,1,1,False
68,C=C1CCC2C(C)(COC3OC(CO)C(O)C(O)C3O)CCCC2(C)C1CCC1=CCOC1=O,1,1,1,0.95879436,0.9629215,0.98471564,0.9688105,3,Active (3/3),Neoandrographolide,Neoandrographolide,9848024,9848024,Andrographis paniculata,Andrographis paniculata,"4-[2-[(1R,4aS,5R,8aS)-5,8a-dimethyl-2-methylidene-5-[[(2R,3R,4S,5S,6R)-3,4,5-trihydroxy-6-(hydroxymethyl)oxan-2-yl]oxymethyl]-3,4,4a,6,7,8-hexahydro-1H-naphthalen-1-yl]ethyl]-2H-furan-5-one",C[C@]1(CCC[C@@]2([C@@H]1CCC(=C)[C@H]2CCC3=CCOC3=O)C)CO[C@H]4[C@@H]([C@H]([C@@H]([C@H](O4)CO)O)O)O,C26H40O8,480.27231825,1,1,False
69,O=C1OCC2OC(=O)c3oc(=O)c4cc(O)c(O)c(O)c4c4c(O)c(O)c(O)cc4c(=O)oc3C2OC(=O)c2cc(O)c(O)c(O)c2-c2c1cc(O)c(O)c2O,1,1,1,0.91948414,0.99459463,0.9916519,0.9685769,3,Active (3/3),Emblicanin B,Emblicanin B,119058017,119058017,Phyllanthus niruri,Phyllanthus niruri,"(1R,22R)-7,8,9,12,13,14,28,29,30,33,34,35-dodecahydroxy-3,18,21,24,39-pentaoxaheptacyclo[20.17.0.02,19.05,10.011,16.026,31.032,37]nonatriaconta-2(19),5,7,9,11,13,15,26,28,30,32,34,36-tridecaene-4,17,20,25,38-pentone",C1[C@@H]2[C@H](C3=C(C(=O)O2)OC(=O)C4=CC(=C(C(=C4C5=C(C(=C(C=C5C(=O)O3)O)O)O)O)O)O)OC(=O)C6=CC(=C(C(=C6C7=C(C(=C(C=C7C(=O)O1)O)O)O)O)O)O,C34H20O22,780.04462233,1,1,False
70,COc1cc(O)c2c(=O)cc(-c3ccc(O)c(OC)c3OC)oc2c1OC,1,1,1,0.98042095,0.940429,0.98400885,0.9682863,3,Active (3/3),"5,4'-Dihidroxy-7,8,2',3'-tetramethoxyflavone","5,4'-Dihidroxy-7,8,2',3'-tetramethoxyflavone",13963777,13963777,Andrographis paniculata,Andrographis paniculata,"5-hydroxy-2-(4-hydroxy-2,3-dimethoxyphenyl)-7,8-dimethoxychromen-4-one",COC1=C(C2=C(C(=C1)O)C(=O)C=C(O2)C3=C(C(=C(C=C3)O)OC)OC)OC,C19H18O8,374.10016755,1,1,False
71,C=C1CCC2C(C)(CO)C(O)CCC2(C)C1C=CC1=CC(C2(CCC3=CCOC3=O)C(=C)CCC3C(C)(CO)C(O)CCC32C)OC1=O,1,1,1,0.95879436,0.9619514,0.98267287,0.96780616,3,Active (3/3),Bisandrographolide B,Bisandrographolide B,44575280,44575280,Andrographis paniculata,Andrographis paniculata,"4-[(E)-2-[6-hydroxy-5-(hydroxymethyl)-5,8a-dimethyl-2-methylidene-3,4,4a,6,7,8-hexahydro-1H-naphthalen-1-yl]ethenyl]-2-[6-hydroxy-5-(hydroxymethyl)-5,8a-dimethyl-2-methylidene-1-[2-(5-oxo-2H-furan-4-yl)ethyl]-3,4,4a,6,7,8-hexahydronaphthalen-1-yl]-2H-furan-5-one",CC12CCC(C(C1CCC(=C)C2/C=C/C3=CC(OC3=O)C4(C(=C)CCC5C4(CCC(C5(C)CO)O)C)CCC6=CCOC6=O)(C)CO)O,C40H56O8,664.39751876,1,1,False
72,COc1cc(CCC(=O)O)ccc1O,1,1,1,0.99056137,0.9485027,0.9633826,0.96748227,3,Active (3/3),Dihydroferulic acid,Dihydroferulic acid,14340,14340,Zingiber officinale,Zingiber officinale,3-(4-hydroxy-3-methoxyphenyl)propanoic acid,COC1=C(C=CC(=C1)CCC(=O)O)O,C10H12O4,196.07355887,1,1,False
73,COc1ccccc1-c1cc(=O)c2c(OC3OC(CO)C(O)C(O)C3O)cc(OC)c(OC)c2o1,1,1,1,0.9476487,0.9696471,0.9810095,0.9661018,3,Active (3/3),"5-Hydroxy-7,8,2'-trimethoxyflavone 5-glucoside","5-Hydroxy-7,8,2'-trimethoxyflavone 5-glucoside",5318498,5318498,Andrographis paniculata,Andrographis paniculata,"7,8-dimethoxy-2-(2-methoxyphenyl)-5-[(2S,3R,4S,5S,6R)-3,4,5-trihydroxy-6-(hydroxymethyl)oxan-2-yl]oxychromen-4-one",COC1=CC=CC=C1C2=CC(=O)C3=C(O2)C(=C(C=C3O[C@H]4[C@@H]([C@H]([C@@H]([C@H](O4)CO)O)O)O)OC)OC,C24H26O11,490.14751167,1,1,False
74,CC(C)(COP(=O)(O)OP(=O)(O)OCC1OC(n2cnc3c(N)ncnc32)C(O)C1OP(=O)(O)O)C(O)C(=O)NCCC(=O)NCCSC(=O)C=Cc1ccc(O)cc1,1,1,1,0.9712635,0.9538931,0.96897453,0.9647104,3,Active (3/3),p-Coumaroyl CoA,p-Coumaroyl CoA,6440013,6440013,Melissa officinalis,Melissa officinalis | Zingiber officinale,"S-[2-[3-[[(2R)-4-[[[(2R,3S,4R,5R)-5-(6-aminopurin-9-yl)-4-hydroxy-3-phosphonooxyoxolan-2-yl]methoxy-hydroxyphosphoryl]oxy-hydroxyphosphoryl]oxy-2-hydroxy-3,3-dimethylbutanoyl]amino]propanoylamino]ethyl] (E)-3-(4-hydroxyphenyl)prop-2-enethioate",CC(C)(COP(=O)(O)OP(=O)(O)OC[C@@H]1[C@H]([C@H]([C@@H](O1)N2C=NC3=C(N=CN=C32)N)O)OP(=O)(O)O)[C@H](C(=O)NCCC(=O)NCCSC(=O)/C=C/C4=CC=C(C=C4)O)O,C30H42N7O18P3S,913.15198779,2,1,False
75,CCCCCC(O)CC(CCc1ccc(O)c(OC)c1)OC(C)=O,1,1,1,0.99372405,0.9584095,0.9417376,0.9646237,3,Active (3/3),[6]-Gingerdiol 3-acetate,[6]-Gingerdiol 3-acetate,131752857,131752857,Zingiber officinale,Zingiber officinale,[5-hydroxy-1-(4-hydroxy-3-methoxyphenyl)decan-3-yl] acetate,CCCCCC(CC(CCC1=CC(=C(C=C1)O)OC)OC(=O)C)O,C19H30O5,338.20932407,1,1,False
76,CCCCCC(CC(O)CCc1ccc(O)c(OC)c1)OC(C)=O,1,1,1,0.99372405,0.9584095,0.9417376,0.9646237,3,Active (3/3),[6]-Gingerdiol 5-acetate,[6]-Gingerdiol 5-acetate,101419545,101419545,Zingiber officinale,Zingiber officinale,[3-hydroxy-1-(4-hydroxy-3-methoxyphenyl)decan-5-yl] acetate,CCCCCC(CC(CCC1=CC(=C(C=C1)O)OC)O)OC(=O)C,C19H30O5,338.20932407,1,1,False
77,O=C(O)CCCCCCCCCCC1CCCC1,1,1,1,0.9557753,0.9672105,0.9684454,0.96381044,3,Active (3/3),Cyclopentaneundecanoic acid,Cyclopentaneundecanoic acid,534549,534549,Zingiber officinale,Zingiber officinale,11-cyclopentylundecanoic acid,C1CCC(C1)CCCCCCCCCCC(=O)O,C16H30O2,254.2245802,1,1,False
78,C=C1CCC2C(C)(COC3OC(CO)C(O)C(O)C3O)C(O)CCC2(C)C1CC=C1C(=O)OCC1O,1,1,1,0.95879436,0.9419653,0.99028134,0.9636803,3,Active (3/3),Andrographiside,Andrographiside,44593583,44593583,Andrographis paniculata,Andrographis paniculata,"(3E,4S)-3-[2-[(1R,4aS,5R,6R,8aS)-6-hydroxy-5,8a-dimethyl-2-methylidene-5-[[(2R,3R,4S,5S,6R)-3,4,5-trihydroxy-6-(hydroxymethyl)oxan-2-yl]oxymethyl]-3,4,4a,6,7,8-hexahydro-1H-naphthalen-1-yl]ethylidene]-4-hydroxyoxolan-2-one",C[C@@]12CC[C@H]([C@@]([C@H]1CCC(=C)[C@H]2C/C=C/3\[C@@H](COC3=O)O)(C)CO[C@H]4[C@@H]([C@H]([C@@H]([C@H](O4)CO)O)O)O)O,C26H40O10,512.2621475,1,1,False
79,C=C1CCC2C(C)(CO)C(OC3OC(CO)C(O)C(O)C3O)CCC2(C)C1CC=C1C(=O)OCC1O,1,1,1,0.95879436,0.9419653,0.99028134,0.9636803,3,Active (3/3),3-O-beta-D-Glucopyranosylandrographolide,3-O-beta-D-Glucopyranosylandrographolide,11519131,11519131,Andrographis paniculata,Andrographis paniculata,"(3E,4S)-3-[2-[(1R,4aS,5R,6R,8aS)-5-(hydroxymethyl)-5,8a-dimethyl-2-methylidene-6-[(2R,3R,4S,5S,6R)-3,4,5-trihydroxy-6-(hydroxymethyl)oxan-2-yl]oxy-3,4,4a,6,7,8-hexahydro-1H-naphthalen-1-yl]ethylidene]-4-hydroxyoxolan-2-one",C[C@@]12CC[C@H]([C@@]([C@H]1CCC(=C)[C@H]2C/C=C/3\[C@@H](COC3=O)O)(C)CO)O[C@H]4[C@@H]([C@H]([C@@H]([C@H](O4)CO)O)O)O,C26H40O10,512.2621475,1,1,False
80,COc1cc(CC2COC(=O)C2Cc2ccc(OC3OC(CO)C(O)C(O)C3O)c(OC)c2)ccc1O,1,1,1,0.99372405,0.90881115,0.98735225,0.96329576,3,Active (3/3),Matairesinoside,Matairesinoside,486612,486612,Forsythia suspensa,Forsythia suspensa,"(3R,4R)-4-[(4-hydroxy-3-methoxyphenyl)methyl]-3-[[3-methoxy-4-[(2S,3R,4S,5S,6R)-3,4,5-trihydroxy-6-(hydroxymethyl)oxan-2-yl]oxyphenyl]methyl]oxolan-2-one",COC1=C(C=CC(=C1)C[C@H]2COC(=O)[C@@H]2CC3=CC(=C(C=C3)O[C@H]4[C@@H]([C@H]([C@@H]([C@H](O4)CO)O)O)O)OC)O,C26H32O11,520.19446187,1,1,False
81,O=c1c(OC2OC(CO)C(O)C(O)C2O)c(-c2ccc(O)cc2)oc2cc(O)cc(O)c12,1,1,1,0.91476953,0.9866449,0.98650265,0.96263903,3,Active (3/3),Astragalin,Astragalin,5282102,5282102,Phyllanthus niruri,Phyllanthus niruri,"5,7-dihydroxy-2-(4-hydroxyphenyl)-3-[(2S,3R,4S,5S,6R)-3,4,5-trihydroxy-6-(hydroxymethyl)oxan-2-yl]oxychromen-4-one",C1=CC(=CC=C1C2=C(C(=O)C3=C(C=C(C=C3O2)O)O)O[C@H]4[C@@H]([C@H]([C@@H]([C@H](O4)CO)O)O)O)O,C21H20O11,448.10056148,1,1,False
82,COc1cc(O)c2c(=O)cc(-c3ccccc3)oc2c1OC,1,1,1,0.98042095,0.934204,0.96936446,0.96132976,3,Active (3/3),7-O-Methylwogonin,7-O-Methylwogonin,188316,188316,Andrographis paniculata,Andrographis paniculata,"5-hydroxy-7,8-dimethoxy-2-phenylchromen-4-one",COC1=C(C2=C(C(=C1)O)C(=O)C=C(O2)C3=CC=CC=C3)OC,C17H14O5,298.08412356,1,1,False
83,O=c1c(OC2OC(CO)C(O)C(O)C2O)c(-c2ccc(O)c(O)c2)oc2cc(O)cc(O)c12,1,1,1,0.91476953,0.9817772,0.986483,0.9610099,3,Active (3/3),Hirsutrin,Hirsutrin,5280804,5280804,Phyllanthus niruri,Phyllanthus niruri,"2-(3,4-dihydroxyphenyl)-5,7-dihydroxy-3-[(2S,3R,4S,5S,6R)-3,4,5-trihydroxy-6-(hydroxymethyl)oxan-2-yl]oxychromen-4-one",C1=CC(=C(C=C1C2=C(C(=O)C3=C(C=C(C=C3O2)O)O)O[C@H]4[C@@H]([C@H]([C@@H]([C@H](O4)CO)O)O)O)O)O,C21H20O12,464.09547611,1,1,False
84,O=C(O)C=Cc1ccccc1,1,1,1,0.9909208,0.98104554,0.90800095,0.9599891,3,Active (3/3),Cinnamic acid,Cinnamic acid,444539,444539,Andrographis paniculata,Andrographis paniculata | Melissa officinalis,(E)-3-phenylprop-2-enoic acid,C1=CC=C(C=C1)/C=C/C(=O)O,C9H8O2,148.0524295,2,1,False
85,CC1OC(OCC2OC(OCC(O)c3ccc(O)c(O)c3)C(O)C(O)C2O)C(O)C(O)C1O,1,1,1,0.94539905,0.9506591,0.981418,0.9591587,3,Active (3/3),Forsythoside D,Forsythoside D,5317383,5317383,Forsythia suspensa,Forsythia suspensa,"(2R,3R,4R,5R,6S)-2-[[(2R,3S,4S,5R,6R)-6-[2-(3,4-dihydroxyphenyl)-2-hydroxyethoxy]-3,4,5-trihydroxyoxan-2-yl]methoxy]-6-methyloxane-3,4,5-triol",C[C@H]1[C@@H]([C@H]([C@H]([C@@H](O1)OC[C@@H]2[C@H]([C@@H]([C@H]([C@@H](O2)OCC(C3=CC(=C(C=C3)O)O)O)O)O)O)O)O)O,C20H30O13,478.16864105,1,1,False
86,O=C(C=Cc1ccc(O)c(O)c1)OC=Cc1ccc(O)c(O)c1,1,1,1,0.99671614,0.9303791,0.9497026,0.9589326,3,Active (3/3),Nepetoidin B,Nepetoidin B,5316819,5316819,Melissa officinalis,Melissa officinalis,"[(Z)-2-(3,4-dihydroxyphenyl)ethenyl] (E)-3-(3,4-dihydroxyphenyl)prop-2-enoate",C1=CC(=C(C=C1/C=C/C(=O)O/C=C\C2=CC(=C(C=C2)O)O)O)O,C17H14O6,314.07903818,1,1,False
87,CC(C)(COP(=O)(O)OP(=O)(O)OCC1OC(n2cnc3c(N)ncnc32)C(O)C1OP(=O)(O)O)C(O)C(=O)NCCC(=O)NCCSC(=O)C=Cc1ccc(O)c(O)c1,1,1,1,0.9712635,0.9386854,0.9668135,0.9589208,3,Active (3/3),caffeoyl-CoA,caffeoyl-CoA,11966126,11966126,Zingiber officinale,Zingiber officinale,"S-[2-[3-[[(2R)-4-[[[(2R,3S,4R,5R)-5-(6-aminopurin-9-yl)-4-hydroxy-3-phosphonooxyoxolan-2-yl]methoxy-hydroxyphosphoryl]oxy-hydroxyphosphoryl]oxy-2-hydroxy-3,3-dimethylbutanoyl]amino]propanoylamino]ethyl] (E)-3-(3,4-dihydroxyphenyl)prop-2-enethioate",CC(C)(COP(=O)(O)OP(=O)(O)OC[C@@H]1[C@H]([C@H]([C@@H](O1)N2C=NC3=C(N=CN=C32)N)O)OP(=O)(O)O)[C@H](C(=O)NCCC(=O)NCCSC(=O)/C=C/C4=CC(=C(C=C4)O)O)O,C30H42N7O19P3S,929.14690242,1,1,False
88,CCCCCCCCCCCCCCCC(=O)OCCO,1,1,1,0.9857994,0.951256,0.93802935,0.95836157,3,Active (3/3),Ethylene glycol monohexadecanoate,Ethylene glycol monohexadecanoate,20201,20201,Zingiber officinale,Zingiber officinale,2-hydroxyethyl hexadecanoate,CCCCCCCCCCCCCCCC(=O)OCCO,C18H36O3,300.26644502,1,1,False
89,COc1cc(C=CC(=O)SCCNC(=O)CCNC(=O)C(O)C(C)(C)COP(=O)(O)OP(=O)(O)OCC2OC(n3cnc4c(N)ncnc43)C(O)C2OP(=O)(O)O)ccc1O,1,1,1,0.9712635,0.93679893,0.96440285,0.9574885,3,Active (3/3),Feruloyl-CoA,Feruloyl-CoA,139031281,139031281,Zingiber officinale,Zingiber officinale,"S-[2-[3-[[(2R)-4-[[[(2R,3S,4R,5R)-5-(6-aminopurin-9-yl)-4-hydroxy-3-phosphonooxyoxolan-2-yl]methoxy-hydroxyphosphoryl]oxy-hydroxyphosphoryl]oxy-2-hydroxy-3,3-dimethylbutanoyl]amino]propanoylamino]ethyl] 3-(4-hydroxy-3-methoxyphenyl)prop-2-enethioate",CC(C)(COP(=O)(O)OP(=O)(O)OC[C@@H]1[C@H]([C@H]([C@@H](O1)N2C=NC3=C(N=CN=C32)N)O)OP(=O)(O)O)[C@H](C(=O)NCCC(=O)NCCSC(=O)C=CC4=CC(=C(C=C4)O)OC)O,C31H44N7O19P3S,943.16255248,1,1,False
90,COc1ccc(-c2oc3cc(OC)cc(O)c3c(=O)c2OC)cc1,1,1,1,0.98042095,0.9222402,0.9682534,0.95697147,3,Active (3/3),"3,7,4'-Tri-O-methylkaempferol","3,7,4'-Tri-O-methylkaempferol",5468749,5468749,Zingiber officinale,Zingiber officinale,"5-hydroxy-3,7-dimethoxy-2-(4-methoxyphenyl)chromen-4-one",COC1=CC=C(C=C1)C2=C(C(=O)C3=C(C=C(C=C3O2)OC)O)OC,C18H16O6,328.09468824,1,1,False
91,CC1OC(OC2C(O)C(OCCc3ccc(O)c(O)c3)OC(COC3OCC(O)(CO)C3O)C2OC(=O)C=Cc2ccc(O)c(O)c2)C(O)C(O)C1O,1,1,1,0.9811386,0.90856576,0.98017776,0.95662737,3,Active (3/3),Forsythoside B,Forsythoside B,23928102,23928102,Forsythia suspensa,Forsythia suspensa,"[(2R,3R,4R,5R,6R)-2-[[(2R,3R,4R)-3,4-dihydroxy-4-(hydroxymethyl)oxolan-2-yl]oxymethyl]-6-[2-(3,4-dihydroxyphenyl)ethoxy]-5-hydroxy-4-[(2S,3R,4R,5R,6S)-3,4,5-trihydroxy-6-methyloxan-2-yl]oxyoxan-3-yl] (E)-3-(3,4-dihydroxyphenyl)prop-2-enoate",C[C@H]1[C@@H]([C@H]([C@H]([C@@H](O1)O[C@@H]2[C@H]([C@@H](O[C@@H]([C@H]2OC(=O)/C=C/C3=CC(=C(C=C3)O)O)CO[C@H]4[C@@H]([C@](CO4)(CO)O)O)OCCC5=CC(=C(C=C5)O)O)O)O)O)O,C34H44O19,756.24767923,1,1,False
92,O=c1c(O)c(-c2ccc(OC3OC(CO)C(O)C(O)C3O)c(O)c2)oc2cc(O)ccc12,1,1,1,0.91476953,0.9679217,0.9841743,0.9556218,3,Active (3/3),Fisetin 4'-glucoside,Fisetin 4'-glucoside,44258681,44258681,Phyllanthus niruri,Phyllanthus niruri,"3,7-dihydroxy-2-[3-hydroxy-4-[(2S,5S)-3,4,5-trihydroxy-6-(hydroxymethyl)oxan-2-yl]oxyphenyl]chromen-4-one",C1=CC(=C(C=C1C2=C(C(=O)C3=C(O2)C=C(C=C3)O)O)O)O[C@H]4C(C([C@@H](C(O4)CO)O)O)O,C21H20O11,448.10056148,1,1,False
93,CC1(CO)C(O)CCC2(C)C(CCC3=CCOC3=O)C(CO)CCC12,1,1,1,0.9691149,0.95498115,0.93948394,0.95452666,3,Active (3/3),14-Deoxy-17-hydroxyandrographolide,14-Deoxy-17-hydroxyandrographolide,11631693,11631693,Andrographis paniculata,Andrographis paniculata,"4-[2-[(1R,2S,4aS,5R,6R,8aS)-6-hydroxy-2,5-bis(hydroxymethyl)-5,8a-dimethyl-1,2,3,4,4a,6,7,8-octahydronaphthalen-1-yl]ethyl]-2H-furan-5-one",C[C@@]12CC[C@H]([C@@]([C@H]1CC[C@@H]([C@H]2CCC3=CCOC3=O)CO)(C)CO)O,C20H32O5,352.22497413,1,1,False
94,COc1cc(O)c2c(=O)c(OC)c(-c3ccccc3)oc2c1,1,1,1,0.98042095,0.913162,0.9682534,0.95394546,3,Active (3/3),"5-Hydroxy-3,7-dimethoxyflavone","5-Hydroxy-3,7-dimethoxyflavone",5748697,5748697,Zingiber officinale,Zingiber officinale,"5-hydroxy-3,7-dimethoxy-2-phenylchromen-4-one",COC1=CC(=C2C(=C1)OC(=C(C2=O)OC)C3=CC=CC=C3)O,C17H14O5,298.08412356,1,1,False
95,CC(C)(COP(=O)(O)OP(=O)(O)OCC1OC(n2cnc3c(N)ncnc32)C(O)C1OP(=O)(O)O)C(O)C(=O)NCCC(=O)NCCSC(=O)C=Cc1ccccc1,1,1,1,0.9712635,0.9416455,0.94702804,0.9533124,3,Active (3/3),Cinnamoyl-CoA,Cinnamoyl-CoA,6444037,6444037,Zingiber officinale,Zingiber officinale,"S-[2-[3-[[(2R)-4-[[[(2R,3S,4R,5R)-5-(6-aminopurin-9-yl)-4-hydroxy-3-phosphonooxyoxolan-2-yl]methoxy-hydroxyphosphoryl]oxy-hydroxyphosphoryl]oxy-2-hydroxy-3,3-dimethylbutanoyl]amino]propanoylamino]ethyl] (E)-3-phenylprop-2-enethioate",CC(C)(COP(=O)(O)OP(=O)(O)OC[C@@H]1[C@H]([C@H]([C@@H](O1)N2C=NC3=C(N=CN=C32)N)O)OP(=O)(O)O)[C@H](C(=O)NCCC(=O)NCCSC(=O)/C=C/C4=CC=CC=C4)O,C30H42N7O17P3S,897.15707317,1,1,False
96,O=C1C=CC(O)(CCOC2OC(COC(=O)Cc3ccc(O)cc3)C(O)C(O)C2O)C=C1,1,1,1,0.95972973,0.9258114,0.97326285,0.9529347,3,Active (3/3),Forsythenside A,Forsythenside A,11797786,11797786,Forsythia suspensa,Forsythia suspensa,"[(2R,3S,4S,5R,6R)-3,4,5-trihydroxy-6-[2-(1-hydroxy-4-oxocyclohexa-2,5-dien-1-yl)ethoxy]oxan-2-yl]methyl 2-(4-hydroxyphenyl)acetate",C1=CC(=CC=C1CC(=O)OC[C@@H]2[C@H]([C@@H]([C@H]([C@@H](O2)OCCC3(C=CC(=O)C=C3)O)O)O)O)O,C22H26O10,450.15259705,1,1,False
97,O=c1c(O)c(-c2ccc(O)c(O)c2)oc2cc(O)cc(O)c12,1,1,1,0.96516436,0.92322373,0.9649045,0.95109755,3,Active (3/3),Quercetin,Quercetin,5280343,5280343,Phyllanthus niruri,Phyllanthus niruri | Zingiber officinale,"2-(3,4-dihydroxyphenyl)-3,5,7-trihydroxychromen-4-one",C1=CC(=C(C=C1C2=C(C(=O)C3=C(C=C(C=C3O2)O)O)O)O)O,C15H10O7,302.04265268,2,1,False
98,O=c1c(O)c(-c2ccccc2)oc2cc(O)cc(O)c12,1,1,1,0.96516436,0.9188581,0.9648523,0.94962496,3,Active (3/3),Galangin,Galangin,5281616,5281616,Zingiber officinale,Zingiber officinale,"3,5,7-trihydroxy-2-phenylchromen-4-one",C1=CC=C(C=C1)C2=C(C(=O)C3=C(C=C(C=C3O2)O)O)O,C15H10O5,270.05282343,1,1,False
99,C=C1CCC2C(C)(CO)C(O)CCC2(C)C1CCC1=CCOC1=O,1,1,1,0.95879436,0.93574727,0.9408802,0.9451406,3,Active (3/3),14-Deoxyandrographolide,14-Deoxyandrographolide,11624161,11624161,Andrographis paniculata,Andrographis paniculata,"4-[2-[(1R,4aS,5R,6R,8aS)-6-hydroxy-5-(hydroxymethyl)-5,8a-dimethyl-2-methylidene-3,4,4a,6,7,8-hexahydro-1H-naphthalen-1-yl]ethyl]-2H-furan-5-one",C[C@@]12CC[C@H]([C@@]([C@H]1CCC(=C)[C@H]2CCC3=CCOC3=O)(C)CO)O,C20H30O4,334.21440945,1,1,False
100,O=c1cc(-c2ccc(O)c(O)c2)oc2cc(O)cc(O)c12,1,1,1,0.96516436,0.92322373,0.946788,0.94505876,3,Active (3/3),"5,7,3',4'-Tetrahydroxyflavone","5,7,3',4'-Tetrahydroxyflavone",5280445,5280445,Melissa officinalis,Melissa officinalis,"2-(3,4-dihydroxyphenyl)-5,7-dihydroxychromen-4-one",C1=CC(=C(C=C1C2=CC(=O)C3=C(C=C(C=C3O2)O)O)O)O,C15H10O6,286.04773805,1,1,False
101,COc1cc(C=CCO)cc(OC)c1O,1,1,1,0.97867554,0.9179466,0.9287172,0.9417798,3,Active (3/3),Sinapyl alcohol,Sinapyl alcohol,5280507,5280507,Forsythia suspensa,Forsythia suspensa,"4-[(E)-3-hydroxyprop-1-enyl]-2,6-dimethoxyphenol",COC1=CC(=CC(=C1O)OC)/C=C/CO,C11H14O4,210.08920894,1,1,False
102,COc1ccc(-c2cc(=O)c3c(O)cc(OC)cc3o2)cc1,1,1,1,0.98042095,0.9222402,0.9061081,0.9362564,3,Active (3/3),"5-Hydroxy-7,4'-dimethoxyflavone","5-Hydroxy-7,4'-dimethoxyflavone",5281601,5281601,Andrographis paniculata,Andrographis paniculata | Zingiber officinale,5-hydroxy-7-methoxy-2-(4-methoxyphenyl)chromen-4-one,COC1=CC=C(C=C1)C2=CC(=O)C3=C(C=C(C=C3O2)OC)O,C17H14O5,298.08412356,2,1,False
103,COc1cc(O)c2c(=O)cc(-c3ccccc3)oc2c1,1,1,1,0.98042095,0.913162,0.9061081,0.93323034,3,Active (3/3),Tectochrysin,Tectochrysin,5281954,5281954,Zingiber officinale,Zingiber officinale,5-hydroxy-7-methoxy-2-phenylchromen-4-one,COC1=CC(=C2C(=C1)OC(=CC2=O)C3=CC=CC=C3)O,C16H12O4,268.07355887,1,1,False
104,COc1cc(O)c2c(=O)cc(-c3c(OC)cccc3OC)oc2c1,1,1,1,0.98042095,0.90210134,0.9022741,0.9282655,3,Active (3/3),"5-Hydroxy-7,2',6'-trimethoxyflavone","5-Hydroxy-7,2',6'-trimethoxyflavone",5318369,5318369,Andrographis paniculata,Andrographis paniculata,"2-(2,6-dimethoxyphenyl)-5-hydroxy-7-methoxychromen-4-one",COC1=C(C(=CC=C1)OC)C2=CC(=O)C3=C(C=C(C=C3O2)OC)O,C18H16O6,328.09468824,1,1,False
